C1,Haranadh,9321 Indian Spring Circle Millington,Augusta,(627) 216-3056,haranadhc@hotmail.com
C2,Girish,88 Leeton Ridge St.Elkhart,Austin,(860) 366-9433,sgirish@hotmail.com
C3,Sachin,86 West Forest St.Piscataway,Hartford Springfield,(739) 866-5263,bsachin@hotmail.com
C4,Sai Kalyan,388 West Thatcher St. Lansdowne,Charleston,(567) 261-1161,saika@hotmail.com
C5,Sujith Pavan,9526 Sycamore Dr.Dubuque,San Jose,(307) 137-3862,sujith@hotmail.com
C6,Dheeraj Ram,636 Charles Ave. Bristow,Boston,(331) 969-5838,dheerajram95@gmail.com
C7,Narsi Reddy,21 Armstrong Drive Irwin,New York(JFK),(668) 804-6851,narsireddy@gmail.com
C8,Khadeer,98 Wood Ave. Odenton,Washington DC(DCA),(818) 199-0577,khadeerali94@gmail.com
C9,Raghava,9033 Plumb Branch Street New Milford,Ford Lauderdale,(113) 570-7362,raghava@gmail.com
C10,Sri Harsha,7019 Hill Field St. Miamisburg,LongBeach,(208) 643-1770,harshasri@gmail.com
C11,Nadeem,80 Mayfield Ave. Ponte Vedra Beach,Santa Ana,(665) 220-1381,nadeemahmed @gmail.com
C12,Rutwika,7607 Court Ave. Brownsburg,San Antonio,(738) 544-9977,rutwikachandu@gmail.com
C13,Sahit,8925 Wall Dr. Palm Harbor,Bellingham,(934) 408-0864,sahit@gmail.com
C14,Sai Saran,8172 North Washington Ave. Bear,Reno,(298) 775-3936,saransai@gmail.com
C15,Abhijith,711 1st Street Syosset,Minneapolis,(299) 191-5589,abhi1@lsu.edu
C16,Sai swaroop,29 Kingston Lane Cape Coral,Albuquerque,(893) 295-6606,sais2@lsu.edu
C17,Jayanth,8998 Parker St.Clarkston,Seattle,(948) 122-8254,jay23@lsu.edu
C18,Lokesh,77 Selby Street East Lansing,Kona,(751) 518-1091,loke42@lsu.edu
C19,Vamsi,920 Stillwater Drive Arlington,Boise,(960) 841-3954,vam63@lsu.edu
C20,Manikanta,753 West Anderson Drive Egg Harbor Township,San Francisco,(884) 346-5090,mani21@lsu.edu
C21,Tharun,923 Cooper Street Buford,Kansas,(689) 439-4296,tharunreddy@yahoo.com
C22,Maheshwari,7480 Essex St. Cincinnati,Las vegas,(938) 534-4908,maheshwari@yahoo.com
C23,Renuka,918 West Hill Field St.Freeport,Chicago,(353) 445-3373,renu@yahoo.com
C24,Madhuri,558 South Center Street Warwick,New Orleans,(489) 334-1638,madhumadhuri@yahoo.com
C25,Sai poojith,8365 South Bowman St. Shrewsbury,Dallas,(500) 898-5542,pooji@yahoo.com
C26,Shravya,5151 Highland road,Baton Rouge,(225)405-9342,shravya@gmail.com
C27,Reeni,7856 College drive,Newark,(504)666-0989,reeni@hotmail.com
C28,John shern,5431 Villa Mary street,Washington DC(DCA),(405)890-3912,shern80@outlook.com
C29,Sahiti,3090 Hi-Rise Paradise,Minneapolis,(312)444-7234,sahiti3@gmail.com
C30,Nick,1800 Livewoods lane,Las vegas,(888)146-5666,nick12@yahoo.com
C31,Hari ,4566 St.Louis Parkers Rowe,New York(JFK),(766)333-1667,hari345@hotmail.com
C32,Anand,7800 Burbak Lee drive,Seattle,(225)134-0724,anu7@lsu.edu
C33,Pratik,9091 Essemin wright lane,Arkansas,(780)488-1387,Pratik99@gmail.com
C34,Lohit,5678 Parker bunour street,Sunnyvale,(618)222-6569,Lohit145@yahoo.com
C35,Subhash,444 Perkins road,Houston,(819)555-2390,subhaash87@lsu.edu
C36,Mythri,3420 Southwest county,Blacksburg,(914)770-4598,mythri812@gmail.com
C37,Sukanya,1246 Everett Avenue,Orlando,(620)012-4425,sukanya@gmail.com
C38,Mohan,524 Pecan Street,Portland,(225)186-3867,mohan@gmail.com
C39,Pavan,7117 Deer Hollow Dr,Las Vegas,(250)015-6287,pavan@gmail.com
C40,Anand,9109 Dove Ct,Miami,(470)247-4948,anand@gmail.com
C41,Charitha,427 Crestview Drive,Miami,(301)061-2192,charitha@gmail.com
C42,Prarthana,9848 Private Rd 3790,Chicago,(270)081-2599,prarthana@gmail.com
C43,Rahul,712 Admiralty Way,Seattle,(370)196-3820,rahul@gmail.com
C44,Amrita,637 Sandy Trail,Phoenix,(260)432-8179,amrita@gmail.com
C45,Anusha,145 Highview Dr,Dallas,(630)013-1244,anusha@gmail.com
C46,Radhakrishna,412 Hillview Dr,Houston,(640)245-0231,radha@gmail.com
C47,Samanvita,1004 Steeplewood Dr,Kansas,(270)143-3170,samanvita@gmail.com
C48,Vinod,7117 Deer Hollow Dr,Boston,(270)143-3170,vinod@gmail.com
C49,Navya,9848 Private Rd 3790,San Francisco,(230)108-5989,navya@gmail.com
C50,Ashwini,1201 Forum Way South,Salt Lake City,(670)013-8974,ashwini@gmail.com
C51,Pratap,1120 Oakbend Lane,San Jose,(222)509-8687,pratap@yahoo.com
C52,Amrath,1409 Lamplighter Lane,Menlo Park,(230)108-5755,amrath@yahoo.com
C53,Bhavana,7820 Sheridan Rd,Atlanta,(390)439-3323,bhavana@yahoo.com
C54,Pradeep,6136 Walraven Cir,Houston,(390)006-8618,pradeep@yahoo.com
C55,Minu,6201 Whitman Ave,Dallas,(160)091-8721,minu@yahoo.com
C56,Darshitha,8225 Hill City Highway,Detriot,(380)418-9548,darshi@yahoo.com
C57,Sunil,3479 Coronada Court,New Orleans,(923)011-6942,sunil@yahoo.com
C58,Archana,704 Havenwood Lane So,Baton Rouge,(915)024-4948,archana@lsu.edu
C59,Madhu,6136 San Villa Drive Apt. C,Santa Clara,(110)170-2284,madhu@lsu.edu
C60,Kavya,3536 Haltom Rd,Baton Rouge,(170)176-2820,kavya@lsu.edu
C61,Aaron,4541 Spider Court,Menlo Park,(110)078-9195,aaron@lsu.edu
C62,Ramesh,5678 Xmen street,Augusta,(225)0900-1899,ramyoke@gmail.com
C63,Rajiv,3400 Flourida Boulevard,Austin,(919)677-3459,rajrocks@lsu.edu
C64,Krishna,3133 Parker delight lane,Hartford Springfield,(678)142-9087,krish678@yahoo.com
C65,Biswas,89 Sam stretis Boulevard,Charleston,(233)777-1955,biswas5@gmail.com
C66,Ujwala,607 Siegan lane,San Jose,(660)432-9954,ujwala89@lsu.edu
C67,Reshmi,5667 Jamesvineyard,Boston,(512)180-6566,reshmi199@yahoo.com
C68,Rani,5600 Hamenpord court,New York(JFK),(405)888-5292,raniyamila@gmail.com
C69,Vadodhara,45 Hill county,Washington DC(DCA),(618)888-9577,vadodharafuvy@yahoo.com
C70,Vamsi krishna,9192 west coast ,Ford Lauderdale,(714)508-3290,vamsikrishna3@hotmail.com
C71,Sneha,8456 beach street,LongBeach,(923)488-3670,snehasiripurapu@outlook.com
C72,Brahmini,7180 chimes lane,Santa Ana,(489)566-0933,brahmini@yahoo.com
C73,Tejashwini,6734 ringbell street,San Antonio,(618)844-3454,tejashwini@hotmail.com
C74,Yashwanth,224 texas littlewoods,Bellingham,(912)883-7656,yahwantpidi@gmail.com
C75,Mahesh,7564 ailaaila street,Reno,(140)387-2222,mahesh12@gmail.com
C76,Simran,8906 mexas green,Minneapolis,(555)782-1500,simranaaju@hotmail.com
C77,Razia sultana,7804 old boulevard,Albuquerque,(677)909-6666,raziaa@lsu.edu
C78,Mohammad Ali,5115 Bombay seattle lane,Seattle,(555)322-1289,ali_mohammad12@gmail.com
C79,Suzan,5454 yardy street,Kona,(454)677-9090,suzan_90@gmail.com
C80,Virisha,45 Bourbn street,Boise,(677)780-1456,virisha_13@yahoo.com
C81,Supratik,5899 Almonaster Avenue,San Francisco,(230)667-1290,supratik98@outlook.com
C82,Shruthi,6770 Basin street,Kansas,(403)744-6738,shruthireddy@gmail.com
C83,Bhuvana Krithi,4455 Broad street,Las vegas,(202)144-6564,bhuvana22@hotmail.com
C84,Karthik,7575 Bienvalle street,Chicago,(506)343-9845,karthik35@lsu.edu
C85,Sahasra,3789 Bayou street,New Orleans,(122)890-1356,sahasra1000@outlook.com
C86,Deeksha,712 Baronne street,Dallas,(678)544-8990,deekshameni@gmail.com
C87,Snigdha,909 Magazine street,Baton Rouge,(900)677-0967,snigdhayalamanchili@lsu.edu
C88,Sarayu,5590 columbia street,Newark,(455)734-1000,sarayu33@yahoo.com
C89,Sreyas,339 Antique alley,Washington DC(DCA),(567)899-1965,sreyas.naidu@yahoo.com
C90,Tanishq,6767 Alexandria lane,Minneapolis,(646)120-4566,tanishq.mail@yahoo.com
C91,Showrya,34 New York main street,Las vegas,(755)105-5609,showryanag8@hotmail.com
C92,Siddharth Malhotra,45 Saint Charles Avenue,New York(JFK),(225)405-9432,sidmalhotra@lsu.edu
C93,Prabhas,6745 Frenchmen street,Seattle,(405)663-9521,prabhas.uppalapati@gmail.com
C94,Vyas,5591 Arrow highway,Arkansas,(323)780-1949,vyas36@yahoo.com
C95,Vansh,780 Avalon Boulevard,Sunnyvale,(180)230-4141,vanshiam@gmail.com
C96,Amritha,1447 Artesia Boulevard,Houston,(909)893-5151,amritha33@gmail.com
C97,Sreshta,36 Altadena drive,Blacksburg,(618)504-5800,sreshta77@hotmail.com
C98,Gautham,9775 Alameda street,Orlando,(680)775-6803,gauthamsai@outllook.com
C99,Dhoni,5454 Adams Boulevard,Washington DC(DCA),(225)999-5673,mahi1981@outlook.com
C100,Sachin ,2040 St.Louisville street,Michigan,(312)789-9566,sachintendulkar@yahoo.com
